{"22":{"name":"Name of Organization","value":"Star Labs","id":22,"type":"text"},"23":{"name":"Primary Contact Name","value":"Captain America","id":23,"type":"text"},"24":{"name":"Primary Contact Title","value":"CEO","id":24,"type":"text"},"25":{"name":"Primary Contact Telephone","value":"+25459562522","id":25,"type":"text"},"26":{"name":"Primary Contact Email","value":"andyokuba@gmail.com","id":26,"type":"text"},"2":{"name":"Project Title","value":"Creating Manhattan","id":2,"type":"text"},"4":{"name":"Sector","value":"Education","value_raw":"Education","id":4,"type":"select"},"1":{"name":"Country of Project","value":"US","id":1,"type":"text"},"6":{"name":"Project Location (City and State, Governorate, or District)","value":"Missouri","id":6,"type":"text"},"98":{"name":"Main Activity","value":"Creating Manhattan","id":98,"type":"text"},"101":{"name":"Activity Planned Start Date","value":"10\/24\/2024","id":101,"type":"date-time","date":"10\/24\/2024","time":"","unix":1729728000},"102":{"name":"Activity Planned End Date","value":"10\/25\/2024","id":102,"type":"date-time","date":"10\/25\/2024","time":"","unix":1729814400},"112":{"name":"Households:","value":"10","id":112,"type":"text"},"113":{"name":"Men:","value":"2","id":113,"type":"text"},"114":{"name":"Women:","value":"2","id":114,"type":"text"},"115":{"name":"Boys:","value":"2","id":115,"type":"text"},"116":{"name":"Girls:","value":"2","id":116,"type":"text"},"117":{"name":"PWDs:","value":"2","id":117,"type":"text"},"37":{"name":"Budget Line Description","value":"Serum Costs","id":37,"type":"text"},"38":{"name":"Quantity","value":"500","id":38,"type":"text"},"39":{"name":"Unit Cost(USD)","value":"25","id":39,"type":"text"},"123":{"name":"Duration (monthly)","value":"1","id":123,"type":"text"},"165":{"name":"Total Cost (USD)","value":"$12500.00","id":165,"type":"text"},"46":{"name":"Budget Line Description","value":"Launch Costs","id":46,"type":"text"},"47":{"name":"Quantity","value":"2","id":47,"type":"text"},"48":{"name":"Unit Cost(USD)","value":"100","id":48,"type":"text"},"122":{"name":"Duration (monthly)","value":"1","id":122,"type":"text"},"166":{"name":"Total Cost (USD)","value":"$200.00","id":166,"type":"text"},"58":{"name":"Budget Line Description","value":"Framework","id":58,"type":"text"},"59":{"name":"Quantity","value":"5","id":59,"type":"text"},"60":{"name":"Unit Cost(USD)","value":"125","id":60,"type":"text"},"121":{"name":"Duration (monthly)","value":"1","id":121,"type":"text"},"167":{"name":"Total Cost (USD)","value":"$625.00","id":167,"type":"text"},"70":{"name":"Budget Line Description","value":"Office Equipments","id":70,"type":"text"},"71":{"name":"Quantity","value":"5","id":71,"type":"text"},"72":{"name":"Unit Cost(USD)","value":"300","id":72,"type":"text"},"118":{"name":"Duration (monthly)","value":"1","id":118,"type":"text"},"168":{"name":"Total Cost (USD)","value":"$1500.00","id":168,"type":"text"},"78":{"name":"Budget Line Description","value":"Furniture","id":78,"type":"text"},"79":{"name":"Quantity","value":"7","id":79,"type":"text"},"80":{"name":"Unit Cost (USD)","value":"250","id":80,"type":"text"},"119":{"name":"Duration (monthly)","value":"1","id":119,"type":"text"},"169":{"name":"Total Cost (USD)","value":"$1750.00","id":169,"type":"text"},"89":{"name":"Budget Line Description","value":"Law services","id":89,"type":"text"},"90":{"name":"Quantity","value":"5","id":90,"type":"text"},"91":{"name":"Unit Cost (USD)","value":"500","id":91,"type":"text"},"120":{"name":"Duration (monthly)","value":"1","id":120,"type":"text"},"170":{"name":"Total Cost (USD)","value":"$2500.00","id":170,"type":"text"},"129":{"name":"Budget Line Description","value":"Car Gas","id":129,"type":"text"},"130":{"name":"Quantity","value":"20","id":130,"type":"text"},"131":{"name":"Unit Cost (USD)","value":"1","id":131,"type":"text"},"132":{"name":"Duration (monthly)","value":"1","id":132,"type":"text"},"174":{"name":"Total Cost (USD)","value":"$20.00","id":174,"type":"text"},"135":{"name":"Budget Line Description","value":"Transportation","id":135,"type":"text"},"136":{"name":"Quantity","value":"1","id":136,"type":"text"},"137":{"name":"Unit Cost (USD)","value":"25","id":137,"type":"text"},"138":{"name":"Duration (monthly)","value":"1","id":138,"type":"text"},"173":{"name":"Total Cost (USD)","value":"$25.00","id":173,"type":"text"},"148":{"name":"Budget Line Description","value":"Salary","id":148,"type":"text"},"149":{"name":"Quantity","value":"5","id":149,"type":"text"},"150":{"name":"Unit Cost (USD)","value":"100","id":150,"type":"text"},"151":{"name":"Duration (monthly)","value":"1","id":151,"type":"text"},"172":{"name":"Total Cost (USD)","value":"$500.00","id":172,"type":"text"},"154":{"name":"Budget Line Description","value":"Taxes","id":154,"type":"text"},"155":{"name":"Quantity","value":"1","id":155,"type":"text"},"156":{"name":"Unit Cost (USD)","value":"200","id":156,"type":"text"},"157":{"name":"Duration (monthly)","value":"1","id":157,"type":"text"},"171":{"name":"Total Cost (USD)","value":"$200.00","id":171,"type":"text"},"20":{"name":"Date of Submission","value":"10\/23\/2024","id":20,"type":"date-time","date":"10\/23\/2024","time":"","unix":1729641600}}